,A_true,X_true,Y_true
0,6.09322525073603,1.5701359751290278,14.35626386698517
1,5.863223277776032,15.168819043920518,8.147511125354418
