,A_true,X_true,Y_true
0,7.744067519636624,35.759468318620975,30.138168803582193
1,7.724415914984484,21.182739966945235,32.294705653332805
2,7.187936056313463,44.58865003910399,48.18313802505146
3,6.917207594128889,39.58625190413323,26.444745987645224
